Наименование товара,Цена,Минимальная цена,Размерная сетка,Ссылка на файл фотографии,,,,,,,,,,,,,,
Свитшот Черный,5990.0,4990.0,50-105кг,"https://sun9-62.vkuserphoto.ru/s/v1/ig2/QV5nyWpz6uFZzESR0bpJrwqcMkiz4H7dnhsPc83lEd_9I3qjSA2ZTkyief1_-IcpMeJ5PrSqr70sdHEwqjYBTudD.jpg?quality=96&as=32x21,48x32,72x48,108x72,160x106,240x160,360x240,480x319,540x359,640x426,720x479,1080x719,1280x852&from=bu&cs=1280x0&attachment=photo-44440184_457366720",,,,,,,,,,,,,,
Свитшот Бежевый,5990.0,4990.0,50-105кг,https://sun9-15.vkuserphoto.ru/impg/GAxeXu5mN099Yp-ULSTXKdMTpgdiYmKkzPm1pw/p66qcQvfwoE.jpg?size=376x460&quality=95&sign=b3a726895fbac924f2d78d28a52bd16b&c_uniq_tag=ukLE_zvROEUol2y5NVQ_XvNjGRIzJ8GlJlsIzR_8WAk,,,,,,,,,,,,,,
Свитшот Белый,5990.0,4990.0,50-105кг,"https://sun9-50.vkuserphoto.ru/s/v1/ig2/gFr-YYrA1HoTX55BRUTjA31jcXgjFrlnEa2V03FrRa1LnY1WdlJIb9_M0MUDWePkRoMf9udatjCI0CRbLE9yzECY.jpg?quality=96&as=32x21,48x32,72x48,108x72,160x106,240x160,360x240,480x319,540x359,640x426,720x479,1080x719,1280x852&from=bu&cs=1280x0&attachment=photo-44440184_457366718",,,,,,,,,,,,,,
Свитшот Серый,5990.0,4990.0,50-130кг,"https://sun9-62.userapi.com/s/v1/ig2/V0O-fkoI891muw4yGo-arOH_W_WYrZqYN3OJ5GsFKl9iyg8JS4dSxhg4kqk1E9LlYBusm8tNW5t5Sy2N9iOcG37E.jpg?quality=95&as=32x26,48x38,72x58,108x86,160x128,240x192,360x288,480x384,540x432,640x512,720x576,1080x864,1280x1024,1402x1122&from=bu&u=fvgMuxHsR-VzDOpwvRdEO5Zp9pGlfFZqJB818TFtL00&cs=1402x0",,,,,,,,,,,,,,
Свитшот Темно-Серый (Графит),5990.0,4990.0,50-130кг,"https://sun9-74.vkuserphoto.ru/s/v1/ig2/YnRqQvprqCLStPyTh992xk8djRt0FVwUCS3FkypsBP2JxZI2hmqgf7VI9dW5sijQsNTk0wtiaNbq-nXbK2iq0tYP.jpg?quality=96&as=32x32,48x48,72x72,108x108,160x160,240x240,360x360,480x480,540x540,640x640,720x720,1024x1024&from=bu&cs=1024x0&attachment=photo-81457851_457378142",,,,,,,,,,,,,,
Свитшот Темно-Синий,5990.0,4990.0,62-130кг,"https://sun9-36.vkuserphoto.ru/s/v1/ig2/oy2jZ_w6xH7C_pETIFuhFYKYaVmpH0GQYWLxswM28U-xTX-j36WmpYG_n_2CRV-nEPpK-xRIOnoRxFPvXz6ctQDf.jpg?quality=96&as=32x32,48x48,72x72,108x108,160x160,240x240,360x360,480x480,540x540,640x640,720x720,936x936&from=bu&cs=936x0&attachment=photo-81457851_457378108",,,,,,,,,,,,,,
Свитшот Хаки,5990.0,4990.0,70-130кг,"https://sun9-71.userapi.com/s/v1/ig2/DSWxxuPexgap5uYzUOp80dNdCd9piPY5s8YpOw3fshUWazCXuCnMDUCAw27bt3CDXQMzw9fSEs03e7wZap6mhPp-.jpg?quality=95&as=32x21,48x32,72x48,108x72,160x107,240x160,360x240,480x320,540x360,640x427,720x480,1080x720,1280x853,1440x960,1536x1024&from=bu&u=Svwc4OlzkTMcHGrX5iFNGPI0whSTl36l3p1z-DpKNMc&cs=1536x0",,,,,,,,,,,,,,
Свитшот Капучино,5990.0,4990.0,83-130кг,"https://sun9-25.vkuserphoto.ru/s/v1/ig2/y_oh2C4_85EAtjBLGleMgBcxznsMios2ljmgznApjhsVklYatotdXh4NZzU3jB4hJA91scB26Nd2pUe-GjcInPlw.jpg?quality=96&as=32x43,48x64,72x96,108x144,160x213,240x320,360x480,480x640,540x720,640x853,720x960,900x1200&from=bu&cs=900x0&attachment=photo-81457851_457382347",,,,,,,,,,,,,,
Свитшот Морской Синий,5990.0,4990.0,50-93кг,"https://sun9-36.vkuserphoto.ru/s/v1/ig2/2ruC1jOpbPlakx1gsN-NH5h7sKoUyWi38-C9yqK_-d0PnQs6RG0M4SRyWe74d8XELHZ7SbbQBG12av9Jt1J_h5lc.jpg?quality=96&as=32x24,48x36,72x54,108x81,160x119,240x179,360x269,480x358,540x403,640x478,720x538,1080x806,1200x896&from=bu&cs=1200x0&attachment=photo-81457851_457386825",,,,,,,,,,,,,,
Свитшот Красный,5990.0,4990.0,50-83кг,"https://sun9-44.userapi.com/s/v1/ig2/hxGAuMWGxKCxA62gwoG9SNPw8TQKjuo9jBNhlKAZQUrvGntnIEfQJlmGgvst6mdlW5zAHSMzVkqZt5ojMxPPRiI-.jpg?quality=95&as=32x32,48x48,72x72,108x108,160x160,240x240,360x360,480x480,540x540,640x640,720x720,1080x1080,1254x1254&from=bu&u=7lhh6PhTohytvQXVqLRWQ4AYix7tDqu2Txr60dg_hL8&cs=1254x0",,,,,,,,,,,,,,
Свитшот Желтый,5990.0,4990.0,50-83кг,"https://sun9-53.vkuserphoto.ru/s/v1/ig2/jbp6IV5vQcM1zEPFL8uflpNcFlFW9LtC4clvJrNHv3VaIta8VFAF6_tQLU-tZvFzum210YtTzPHyQkP7exEyqQCh.jpg?quality=96&as=32x21,48x32,72x48,108x72,160x107,240x161,360x242,480x322,540x362,640x429,720x483,1080x725,1264x848&from=bu&cs=1264x0&attachment=photo-81457851_457378667",,,,,,,,,,,,,,
Свитшот Розовый,5990.0,4990.0,50-83кг,"https://sun9-73.vkuserphoto.ru/s/v1/ig2/oWDT43ZQjqGsECiwSFQLeWP0V8D-tFQcsbpz6nsSOaisyLeVNN_GGWBQvKkBh7IfuxQit7XuNfqphRWz9_6Wq_Wj.jpg?quality=96&as=32x32,48x48,72x72,108x108,160x160,240x240,360x360,480x480,540x540,640x640,720x720,936x936&from=bu&cs=936x0&attachment=photo-81457851_457378107",,,,,,,,,,,,,,
Свитшот Темно-Зеленый,5990.0,4990.0,50-83кг,"https://sun9-42.vkuserphoto.ru/s/v1/ig2/ywrBOkUcxcPC0aIXucm0DsOdE6-judJf0XPdJ49fYRRrj3-ql9B0T4qHFmxgl7-BHAyNEq_fUZ52550lJal9C4QY.jpg?quality=96&as=32x32,48x48,72x72,108x108,160x160,240x240,360x360,480x480,540x540,640x640,720x720,936x936&from=bu&cs=936x0&attachment=photo-81457851_457378112",,,,,,,,,,,,,,
Черный худи,5990.0,4990.0,50-130кг,"https://sun9-74.userapi.com/s/v1/ig2/SjwsSHD4aTAxtP4_xlgPURwRlMFLSpGGIOA3iW62DNa3LYOYt4b8OiwOaivoBPvA_57PRlGjPzieseOWN_jB8_ah.jpg?quality=95&as=32x48,48x72,72x108,108x162,160x240,240x360,360x540,480x720,540x810,640x960,720x1080,853x1280&from=bu&cs=853x1280",,,,,,,,,,,,,,
Белый худи,5990.0,4990.0,50-130кг,"https://sun9-20.userapi.com/s/v1/ig2/q8bTEVhYg8u34iH917zR933Xvegd7w0PwmLpwjed-vLwjVoPxhOEozyEWq-CoEr9uF2yJgWqtQxSZEL8h0v9uw56.jpg?quality=95&as=32x48,48x72,72x108,108x162,160x240,240x360,360x540,480x720,540x810,640x960,720x1080,853x1280&from=bu&cs=853x1280",,,,,,,,,,,,,,
Бежевое худи,5990.0,4990.0,50-85кг,"https://sun9-53.vkuserphoto.ru/s/v1/ig2/FOeBZav0HMKfIIeVMFOWR6f8Aj8-D7pceywWB0c95mWVqHsrp7Z6TD9S_BQxREC-nc_jxCElYObCf-z4rXFYyJDi.jpg?quality=96&as=32x43,48x64,72x96,108x144,160x213,240x320,360x480,480x640,540x720,640x853,720x960,960x1280&from=bu&cs=960x0&attachment=photo-81457851_457358030",,,,,,,,,,,,,,
Черный зип-худи,6490.0,5990.0,60-125кг,"https://sun1-85.userapi.com/s/v1/ig2/i1-IQCRlKZU4w8sxHpwgjq_Ttjs_7f6bXIwI-Hd9eDQ0WwazYKpRniqKeeQw7oB2fOAIRHNi9WNqDLZ2t3yVZOZy.jpg?quality=95&as=32x21,48x32,72x48,108x72,160x107,240x160,360x240,480x320,540x360,640x427,720x480,1080x720,1280x853,1440x960,1536x1024&from=bu&cs=1536x0",,,,,,,,,,,,,,
Черная жилетка,4090.0,3590.0,50-120кг,https://sun9-39.userapi.com/impg/QRp0DZxW143Jza_PDyH_WPn-KQ38HTeTG1VWWw/zcjfrQz-hjQ.jpg?size=683x911&quality=95&sign=4b1ba193234569985d76b915ac9b5c13&type=album,,,,,,,,,,,,,,
Бежевая жилетка,4090.0,3590.0,50-120кг,"https://sun9-1.vkuserphoto.ru/s/v1/ig2/8fod8KoNoL4N1WPJ6rzX7EWDB5EB9qXtVj7JTE0hECp8zjzDL8AcbSDOP4UDUh-m3vBJv3whbKkoJz2PdPZm68rM.jpg?quality=96&as=32x32,48x48,72x72,108x108,160x160,240x240,360x360,480x480,540x540,640x640,720x720,800x800&from=bu&cs=800x0&attachment=photo-81457851_457372776",,,,,,,,,,,,,,
Черная футболка,2990.0,2290.0,35-140кг,"https://sun9-21.userapi.com/s/v1/ig2/4RtlR7PvGdqfvBg3lkuYYlqp1sXCGN0Y4LiptV_WM0CBicStFkk5P6Na_rt9wRh-WkmuiqNWHGn60RzJ4RGWq5ES.jpg?quality=95&as=32x48,48x72,72x108,108x162,160x240,240x360,360x540,480x720,540x810,640x960,720x1080,1080x1620,1280x1920,1440x2160,1707x2560&from=bu&cs=1440x2160",,,,,,,,,,,,,,
Белая футболка,2990.0,2290.0,35-140кг,"https://sun9-75.userapi.com/s/v1/ig2/K3hBYEr4uSzlYFt7QAe-pIZiL0ulOAPA8YJuSVD--DCCSLIC2MypYjhVXurtQgDBpxeyxurc7ugtamw0SiSoQqy7.jpg?quality=95&as=32x48,48x72,72x108,108x162,160x240,240x360,360x540,480x720,540x810,640x960,720x1080,1080x1620,1280x1920,1440x2160,1707x2560&from=bu&cs=1440x2160",,,,,,,,,,,,,,
Бежевая футболка,2790.0,2590.0,35-140кг,"https://sun9-24.vkuserphoto.ru/s/v1/ig2/0t7kFmlRhT6XQXAw3h4NI4zRGDPNzWuiT481rg550FhXOEnEHlo7kXnw9dTCzxDOBFAmiA9aoNEwqUBDcliDsS-q.jpg?quality=95&crop=0,0,169,201&as=32x38,48x57,72x86,108x128,160x190,169x201&from=bu&cs=169x0",,,,,,,,,,,,,,
Лонгслив белый,3290.0,2790.0,55-100кг,"https://sun9-55.userapi.com/s/v1/ig2/trKUfyKbiAyx0WflexNtdavUTV1F6jr5GLm3pzvDHT7YmLg9zQIkFBG0l_782dmQIA4tggIzeSS4A8sM41nqQ3pz.jpg?quality=95&as=32x39,48x59,72x89,108x133,160x197,240x295,360x443,480x590,540x664,640x787,720x885,1080x1328,1280x1574,1440x1771,1664x2046&from=bu&cs=1664x0",,,,,,,,,,,,,,
Лонгслив черный,3290.0,2790.0,55-100кг,"https://sun9-43.userapi.com/s/v1/ig2/MKDxVEMDI3aez6_TJxKvStTjoZ-x-YgVRH8URuw9rbSUKJwR1sVhOGmclHUDcjBObgq99Fo5G05JvORqA5mKKMjQ.jpg?quality=95&as=32x39,48x58,72x88,108x132,160x195,240x292,360x439,480x585,540x658,640x780,720x877,1080x1316,1280x1560,1440x1755,1664x2028&from=bu&cs=1664x0",,,,,,,,,,,,,,
"Камуфляжный костюм кофта и штаны - ""мох""",10980.0,9980.0,55-105кг,"https://sun9-15.vkuserphoto.ru/s/v1/ig2/Aw5wDtRnYtu8C6KKtaoIE1-NUn1OzKPwHwRack4tuS4Be3DsSQAs8ytrFe6usLjA86Emu-D6XHA9vdMGo9PzKOxq.jpg?quality=95&as=32x40,48x60,72x90,108x135,160x200,240x300,360x449,480x599,540x674,640x799,720x899,1080x1348,1280x1598,1440x1797,2051x2560&from=bu&cs=2051x0",,,,,,,,,,,,,,
"Камуфляжный костюм кофта и штаны - ""мультик""",10980.0,9980.0,55-105кг,"https://sun9-61.vkuserphoto.ru/s/v1/ig2/gzWOHhwbtCUsWNpGzr3nMprX5p7JrHz_I0x3as4m9sfMtrqFFUmB6_BM0-iny6QOXXmGe58HRvAiwoXnD6JqvVKV.jpg?quality=95&crop=0,14,1013,1521&as=32x48,48x72,72x108,108x162,160x240,240x360,360x541,480x721,540x811,640x961,720x1081,1013x1521&from=bu&cs=1013x0",,,,,,,,,,,,,,
"Камуфляжный костюм кофта и штаны - ""пиксель""",10980.0,9980.0,55-105кг,"https://sun9-35.vkuserphoto.ru/s/v1/ig2/c7hKmD9n4Yw106V5Rzvp-Eb4F5Xjg_8FTH4GR1iPfsVlElc9V7tDmF0mFl3bvXAF8f_roxqsOegqDURTq2IWKOiJ.jpg?quality=95&as=32x47,48x71,72x106,108x160,160x237,240x355,360x532,480x710,540x799,640x947,720x1065,954x1411&from=bu&cs=954x0",,,,,,,,,,,,,,
Зеленый костюм с худи и штанами,6990.0,5990.0,55-60кг и 85-100 г (60-85 - нет размеров),"https://sun9-24.userapi.com/s/v1/ig2/9Qn-lsgjUu2LRVc1uETc44Apk20cWRsFDK5Ft7XqmMlra8-C9pQD-P8h9Jzey9CynIe2t2SvrRGCOdPmdMKpdpwa.jpg?quality=95&as=32x48,48x72,72x108,108x162,160x240,240x360,360x540,480x720,540x810,640x960,720x1080,1080x1620,1280x1920,1440x2160,1707x2560&from=bu&cs=1707x0",,,,,,,,,,,,,,
Синий костюм с худи и штанами,6990.0,5990.0,55-75кг,"https://sun9-81.userapi.com/s/v1/ig2/OVlTYSif_jFfUorPq3LdL4GEwGfgPUVlCkN1cmCi14nimDXkhzmHv_sIBs7fpUaL0nagDI-y-x-chWllUDY9xC-T.jpg?quality=95&as=32x48,48x72,72x108,108x162,160x240,240x360,360x540,480x720,540x810,640x960,720x1080,1080x1620,1280x1920,1440x2160,1707x2560&from=bu&cs=1707x0",,,,,,,,,,,,,,
Черный костюм с худи и штанами,6990.0,5990.0,85-100кг,"https://sun9-17.userapi.com/s/v1/ig2/mTyfZ3UiVVQVzh9QKLUCCxxapE3_qJNjqLKN5R1DDhFqgBynJQ8nOJuJQkCNr1lyaz9oSh8Xn5lcpTW09reQRlOL.jpg?quality=95&as=32x48,48x72,72x108,108x162,160x240,240x360,360x540,480x720,540x810,640x960,720x1080,1080x1620,1280x1920,1440x2160,1707x2560&from=bu&cs=1707x0",,,,,,,,,,,,,,
Костюм рубашка и брюки зеленый,6990.0,5990.0,55-100кг,"https://sun9-13.userapi.com/s/v1/ig2/MDDWfapBkHc3KQQj_bPJ13MpAPgYpDBfqkFNpYkM4QX5DsRkYHxp621mYahHKU2kFxSuXWdiHI-ZkQhqemwWuwu0.jpg?quality=95&as=32x48,48x72,72x108,108x162,160x240,240x360,360x540,480x720,540x810,640x960,720x1080,1080x1620,1280x1920,1440x2160,1707x2560&from=bu&cs=1707x0",,,,,,,,,,,,,,
Костюм рубашка и брюки синий,6990.0,5990.0,55-95кг,"https://sun9-73.userapi.com/s/v1/ig2/62iqd9czZXCHU3wpqFFHBBU9-15aSpSRWpbTe7PEs1LcDZkqVftW5H5O824HuD33P9o5kyDgwhlFCUT8SNfdiPec.jpg?quality=95&as=32x48,48x72,72x108,108x162,160x240,240x360,360x540,480x720,540x810,640x960,720x1080,1080x1620,1280x1920,1440x2160,1707x2560&from=bu&cs=1707x0",,,,,,,,,,,,,,
Костюм рубашка и брюки серый,6990.0,5990.0,55-100кг,"https://sun9-11.userapi.com/s/v1/ig2/836_FWr9MhhMRgrP8u-NGmrlZgu6CmTGRudEoiMxIm1kh02h6Kqfu3nlFLGFKX4OZjR6Bap5_ZNH7E-xWsPFOpDb.jpg?quality=95&as=32x48,48x72,72x108,108x162,160x240,240x360,360x540,480x720,540x810,640x960,720x1080,1080x1620,1280x1920,1440x2160,1707x2560&from=bu&cs=1707x0",,,,,,,,,,,,,,
Костюм рубашка и брюки черный,6990.0,5990.0,55-85кг,"https://sun9-58.userapi.com/s/v1/ig2/jZOtzJWifOfYAlCnoKLinBU8HsgRuU9D_7wfw7ekGdlVVilZckb0I1sfTXVRYloNqncFDw7Obk0BA1gv0IZ9leVZ.jpg?quality=95&as=32x48,48x72,72x108,108x162,160x240,240x360,360x540,480x720,540x810,640x960,720x1080,1080x1620,1280x1920,1440x2160,1707x2560&from=bu&cs=1707x0",,,,,,,,,,,,,,
Бежевый костюм Hemilton,8990.0,7990.0,50-60кг и 83-140кг (60-83 - нет размеров),https://sun9-76.userapi.com/impg/cdXmmH5a-ZPvr40sZB4mCyVrsKiPtJdlwiGjhg/ITRY1C9lUEk.jpg?size=1440x2160&quality=95&sign=a69720109b9eb8ea0fc8c26e609f51d5&type=album,,,,,,,,,,,,,,
Белая кепка,2990.0,2590.0,Один размер,"https://sun9-47.userapi.com/s/v1/ig2/7OvqeO5NIHanoCw6dG8UHrReaVkuER27QEWChS9uLT52Da3ENfPaeyIPLRnr8tb5G0rgNuHn1kyjsYBe7Y95wzIG.jpg?quality=95&as=32x45,48x67,72x101,108x152,160x225,240x337,360x505,480x674,540x758,640x898,720x1011,912x1280&from=bu&cs=912x1280",,,,,,,,,,,,,,
Черная кепка,2990.0,2590.0,Один размер,"https://sun9-77.userapi.com/s/v1/ig2/NeOD0v5Smu65VqmZ6mLqi_98Kh-H-_fpyC8SWZHDe1OqAQE6yWGQmeIYHXnN9Lfo_JhodD587WyurOZpMzQMg4Nm.jpg?quality=96&as=32x43,48x64,72x96,108x144,160x213,240x320,360x480,480x640,540x720,640x853,720x960,900x1200&from=bu&cs=900x0",,,,,,,,,,,,,,
Кепка камуфляжная,2990.0,2590.0,Один размер,"https://sun9-7.vkuserphoto.ru/s/v1/ig2/pieEcL_9PBlyu5d3zf_FX3-uBYUhlyyU4Pir6drwerNkHpLJxcvCQWMLosWDoToVdkFdZU2w_x--bQ5iA0tT9Fkb.jpg?quality=95&as=32x43,48x64,72x96,108x144,160x213,240x320,360x480,480x640,540x720,640x853,720x960,1080x1440,1280x1707,1440x1920,1920x2560&from=bu&cs=1920x0",,,,,,,,,,,,,,
Кепка с гербом РФ,2990.0,2590.0,Один размер,"https://sun9-62.userapi.com/s/v1/ig2/mPpYJCTSijVAIDJ_K22IKltQa6u1gjO6khpvh_dJOcgpNl12zTJHRMA5uiu_xY1ggu-QPMFbrSOYerNweay7pVOE.jpg?quality=95&as=32x39,48x58,72x88,108x131,160x195,240x292,360x438,379x461&from=bu&u=1UEbdX7dQhtsPKml1EVTMSOaVew5LJf058IC_cNNi08&cs=379x0",,,,,,,,,,,,,,
Черные кеды,990.0,990.0,44 и 45 размер,https://sun9-45.userapi.com/impg/xnzuAs4SZjbA4u5QpnyEwtz32lY8sE3tGdcqTg/o-QesrVDLnY.jpg?size=1620x2160&quality=95&sign=7eca9d3a7000a9924f794e48fd9ef0d3&type=album,,,,,,,,,,,,,,
Белые кеды,990.0,990.0,44 и 45 размер,https://sun9-5.userapi.com/impg/BfszT6wLd4ow-sEB85b0Mz2xbfws5iYtZ7LucA/pYOU9U2B6oc.jpg?size=1828x2160&quality=95&sign=d08029aa91c99283903737d144778ae2&type=album,,,,,,,,,,,,,,
Черные носки,890.0,890.0,Один размер,https://avatars.mds.yandex.net/get-mpic/5363183/img_id6952327206234474135.png/orig,,,,,,,,,,,,,,
Белые носки,890.0,890.0,Один размер,https://main-cdn.sbermegamarket.ru/big1/hlr-system/526/229/535/113/183/8/600002629442b0.jpeg,,,,,,,,,,,,,,
Рюкзак,5990.0,5490.0,,"https://sun9-81.userapi.com/s/v1/ig2/OGFMxpoyei5vJBudoJLniBJYbiAFomweh73lYYTbX38muh1_UfBrlRPBhlLC_9_2x5umJwvnZz7f49w9DjGRhVNq.jpg?quality=95&as=32x43,48x64,72x96,108x145,160x214,240x321,360x482,480x643,540x723,640x857,720x964,896x1200&from=bu&u=gq47mnE5p5HhuozyOViH_h3GUP49jpQlxyiD6yqUnTQ&cs=896x0",,,,,,,,,,,,,,
"Герб на спине + надпись ""Мы русские с нами бог"" - вышивка",7990.0,7990.0,,"https://sun4-20.userapi.com/s/v1/ig2/vO895vepgmHL37V4ssnvBD0fAIzpUleqE9MClOLOf0lcyKzAZ4EYYq3JHrFbQVHLillh96uDD0gPo9AxGFPrrEsq.jpg?quality=95&as=32x44,48x65,72x98,108x147,160x218,240x327,360x491,480x655,540x737,640x873,720x982,966x1318&from=bu&cs=966x0",,,,,,,,,,,,,,
Герб на спине + одно слово - вышивка,7990.0,7990.0,,"https://sun9-45.userapi.com/s/v1/ig2/sNzdBbWrw8Z7L3oroaD44maMf0b67JSbMn0HXvqHCJN6TbaxOwnZmc8c5ebml6fg2p8-uzGqJt0hFeW0JQc4hbrj.jpg?quality=95&as=32x43,48x64,72x96,108x144,160x213,240x320,360x480,480x640,540x720,640x853,720x960,960x1280&from=bu&cs=960x0",,,,,,,,,,,,,,
Герб на груди - вышивка,3490.0,3490.0,,"https://sun9-82.userapi.com/s/v1/ig2/1NXH7DTXYZlbp2564pW1fvL5wegOsfCcG6eV2-MNRWRt8mhSpEYyi_HyeV1AwXr59qk7uLCt63qZ-0OKa9NOq0p8.jpg?quality=95&as=32x51,48x76,72x114,108x171,160x253,240x380,360x570,480x760,525x831&from=bu&cs=525x0",,,,,,,,,,,,,,
Герб на спине - вышивка,6490.0,6490.0,,"https://sun4-19.userapi.com/s/v1/ig2/qqoxX_QL1YeRDkow63m6Gv99KXhakbqdvPBkF-3TD4dO-JrloGzVpWnS2l-Fm9x3N56Sn3bBJY3ESjv10y2oRXv8.jpg?quality=95&as=32x64,48x96,72x144,108x217,160x321,240x481,360x722,480x963,505x1013&from=bu&cs=505x0",,,,,,,,,,,,,,
Флаг РФ - вышивка,2490.0,2490.0,,"https://sun9-13.userapi.com/s/v1/ig2/Y97TspMlkcTFNQmVS-ION98mvsNc5yKlXmGBlzSM5qiOITvmqL1Q73F7pOJMUwMp764uGeGyt9naLreG14z60rpE.jpg?quality=96&as=32x43,48x64,72x96,108x144,160x213,240x320,360x480,480x640,540x720,640x853,720x960,960x1280&from=bu&cs=960x0",,,,,,,,,,,,,,
"Надпись ""Россия"" - вышивка",5290.0,5290.0,,"https://sun9-3.userapi.com/s/v1/ig2/awQ_rTzMXclHw3aOw77TKgQZobR1_OK3AZv5SLlEk4cCxOmBSLvGjh9hNlmwaY_kAUKPCF0cIDp6mz9EIxqfxPqO.jpg?quality=95&as=32x58,48x87,72x130,108x195,160x289,240x434,360x650,480x867,496x896&from=bu&cs=496x0",,,,,,,,,,,,,,
Персональная вышивка,10990.0,10990.0,,,,,,,,,,,,,,,,
Контурный герб на спине - вышивка,5990.0,5990.0,,"https://sun9-37.vkuserphoto.ru/s/v1/ig2/qR67IZw6H-gEZvxNAmX7TSYDeR4Y7HX79dTvLmtcCRDphEQh5kv6ddb0Chz6B8QI_lB12oKJ9rH7ALxeEm-hCITB.jpg?quality=96&as=32x48,48x72,72x108,108x162,160x240,240x360,360x540,480x720,540x810,640x960,720x1080,853x1280&from=bu&cs=853x0&attachment=photo-44440184_457362561",,,,,,,,,,,,,,
Доп. принт - градиент,2590.0,1990.0,,,,,,,,,,,,,,,,
Доп. принт,1190.0,890.0,,,,,,,,,,,,,,,,
Доп. шрифт,590.0,590.0,,,,,,,,,,,,,,,,
Подарочная коробка (упаковка),890.0,890.0,,"https://sun4-20.userapi.com/s/v1/ig2/b0UJUqTVx7jytdliQIksAZgIseWEmR7cPgovbsoNiUife_76GaTI49itoB5ntvGBgjfEEb3w5VDLisTItmKuJ7u8.jpg?quality=95&as=32x32,48x48,72x72,108x108,160x160,240x240,360x360,480x480,540x540,640x640,720x720,1024x1024&from=bu&cs=1024x0",,,,,,,,,,,,,,
Подарочный сертификат,0.0,0.0,,"https://sun9-25.userapi.com/s/v1/ig2/_sLOf4NupnhLbxb6YT_SG__I8e6YMHxcC9k0iRm2G22nQDfd8gqEAG-DQme3Jzg2i7LmIaECHXLbZoCBuil5V0Da.jpg?quality=95&as=32x26,48x38,72x58,108x86,160x128,240x192,360x288,480x384,540x432,640x512,720x576,1080x864,1280x1024,1440x1152,2560x2048&from=bu&cs=2560x2048",,,,,,,,,,,,,,
Женский кроп топ (в подарок),0.0,0.0,,"https://sun9-71.vkuserphoto.ru/s/v1/ig2/Ar0uJsbFih5F36goEFoqMd9UORnKi0W00WkHSescGTu-rdf7as6yxgocEFrmHkroSMB5pG8qdF3g81bhDUPuoI64.jpg?quality=95&as=32x43,48x64,72x96,108x144,160x213,240x320,360x480,480x640,540x720,640x853,720x960,1080x1440,1086x1448&from=bu&cs=1086x0",,,,,,,,,,,,,,
Белая базовая футболка (в подарок),0.0,0.0,,https://sun9-29.userapi.com/impg/wstkfyxWjpjdB2csx41JmWZs1Epa8IR6o_sTYg/lqctM0WdrJI.jpg?size=900x1200&quality=95&sign=b5d18c87f4268221f0acfcfcd01d25c2&type=album,,,,,,,,,,,,,,
Бежевое поло (в подарок),0.0,0.0,,"https://sun9-72.vkuserphoto.ru/s/v1/ig2/dEfNO6tKnAEyimZL0twSi8DgF_SKW3n6WKoAHv1MELHFNseNm9vuupXmLwa5RQeNKs1CAHQlm3QHAI72JjJobOcj.jpg?quality=95&as=32x40,48x60,72x90,108x135,160x200,240x300,360x450,480x600,540x675,640x800,720x900,1080x1350,1122x1402&from=bu&cs=1122x0",,,,,,,,,,,,,,
,,,,,,,,,,,,,,,,,,
,,,,,,,,,,,,,,,,,,
,,,,,,,,,,,,,,,,,,
,,,,,,,,,,,,,,,,,,
,,,,,,,,,,,,,,,,,,
,,,,,,,,,,,,,,,,,,
,,,,,,,,,,,,,,,,,,
,,,,,,,,,,,,,,,,,,
,,,,,,,,,,,,,,,,,,
,,,,,,,,,,,,,,,,,,
,,,,,,,,,,,,,,,,,,
,,,,,,,,,,,,,,,,,,
,,,,,,,,,,,,,,,,,,
,,,,,,,,,,,,,,,,,,
,,,,,,,,,,,,,,,,,,
,,,,,,,,,,,,,,,,,,
,,,,,,,,,,,,,,,,,,
,,,,,,,,,,,,,,,,,,
,,,,,,,,,,,,,,,,,,
,,,,,,,,,,,,,,,,,,
,,,,,,,,,,,,,,,,,,
,,,,,,,,,,,,,,,,,,
,,,,,,,,,,,,,,,,,,
,,,,,,,,,,,,,,,,,,
,,,,,,,,,,,,,,,,,,
,,,,,,,,,,,,,,,,,,
,,,,,,,,,,,,,,,,,,
,,,,,,,,,,,,,,,,,,
,,,,,,,,,,,,,,,,,,
,,,,,,,,,,,,,,,,,,
,,,,,,,,,,,,,,,,,,
,,,,,,,,,,,,,,,,,,
,,,,,,,,,,,,,,,,,,
,,,,,,,,,,,,,,,,,,
,,,,,,,,,,,,,,,,,,
,,,,,,,,,,,,,,,,,,
,,,,,,,,,,,,,,,,,,
,,,,,,,,,,,,,,,,,,
,,,,,,,,,,,,,,,,,,
,,,,,,,,,,,,,,,,,,
,,,,,,,,,,,,,,,,,,
,,,,,,,,,,,,,,,,,,
,,,,,,,,,,,,,,,,,,
,,,,,,,,,,,,,,,,,,
,,,,,,,,,,,,,,,,,,
,,,,,,,,,,,,,,,,,,
,,,,,,,,,,,,,,,,,,
,,,,,,,,,,,,,,,,,,
,,,,,,,,,,,,,,,,,,
,,,,,,,,,,,,,,,,,,
,,,,,,,,,,,,,,,,,,
,,,,,,,,,,,,,,,,,,
,,,,,,,,,,,,,,,,,,
,,,,,,,,,,,,,,,,,,
,,,,,,,,,,,,,,,,,,
,,,,,,,,,,,,,,,,,,
,,,,,,,,,,,,,,,,,,
,,,,,,,,,,,,,,,,,,
,,,,,,,,,,,,,,,,,,
,,,,,,,,,,,,,,,,,,
,,,,,,,,,,,,,,,,,,
,,,,,,,,,,,,,,,,,,
,,,,,,,,,,,,,,,,,,
,,,,,,,,,,,,,,,,,,
,,,,,,,,,,,,,,,,,,
,,,,,,,,,,,,,,,,,,
,,,,,,,,,,,,,,,,,,
,,,,,,,,,,,,,,,,,,
,,,,,,,,,,,,,,,,,,
,,,,,,,,,,,,,,,,,,
,,,,,,,,,,,,,,,,,,
,,,,,,,,,,,,,,,,,,
,,,,,,,,,,,,,,,,,,
,,,,,,,,,,,,,,,,,,
,,,,,,,,,,,,,,,,,,
,,,,,,,,,,,,,,,,,,
,,,,,,,,,,,,,,,,,,
,,,,,,,,,,,,,,,,,,
,,,,,,,,,,,,,,,,,,
,,,,,,,,,,,,,,,,,,
,,,,,,,,,,,,,,,,,,
,,,,,,,,,,,,,,,,,,
,,,,,,,,,,,,,,,,,,
,,,,,,,,,,,,,,,,,,
,,,,,,,,,,,,,,,,,,
,,,,,,,,,,,,,,,,,,
,,,,,,,,,,,,,,,,,,
,,,,,,,,,,,,,,,,,,
,,,,,,,,,,,,,,,,,,
,,,,,,,,,,,,,,,,,,
,,,,,,,,,,,,,,,,,,
,,,,,,,,,,,,,,,,,,
,,,,,,,,,,,,,,,,,,
,,,,,,,,,,,,,,,,,,
,,,,,,,,,,,,,,,,,,
,,,,,,,,,,,,,,,,,,
,,,,,,,,,,,,,,,,,,
,,,,,,,,,,,,,,,,,,
,,,,,,,,,,,,,,,,,,
,,,,,,,,,,,,,,,,,,
,,,,,,,,,,,,,,,,,,
,,,,,,,,,,,,,,,,,,
,,,,,,,,,,,,,,,,,,
,,,,,,,,,,,,,,,,,,
,,,,,,,,,,,,,,,,,,
,,,,,,,,,,,,,,,,,,
,,,,,,,,,,,,,,,,,,
,,,,,,,,,,,,,,,,,,
,,,,,,,,,,,,,,,,,,
,,,,,,,,,,,,,,,,,,
,,,,,,,,,,,,,,,,,,
,,,,,,,,,,,,,,,,,,
,,,,,,,,,,,,,,,,,,
,,,,,,,,,,,,,,,,,,
,,,,,,,,,,,,,,,,,,
,,,,,,,,,,,,,,,,,,
,,,,,,,,,,,,,,,,,,
,,,,,,,,,,,,,,,,,,
,,,,,,,,,,,,,,,,,,
,,,,,,,,,,,,,,,,,,
,,,,,,,,,,,,,,,,,,
,,,,,,,,,,,,,,,,,,
,,,,,,,,,,,,,,,,,,
,,,,,,,,,,,,,,,,,,
,,,,,,,,,,,,,,,,,,
,,,,,,,,,,,,,,,,,,
,,,,,,,,,,,,,,,,,,
,,,,,,,,,,,,,,,,,,
,,,,,,,,,,,,,,,,,,
,,,,,,,,,,,,,,,,,,
,,,,,,,,,,,,,,,,,,
,,,,,,,,,,,,,,,,,,
,,,,,,,,,,,,,,,,,,
,,,,,,,,,,,,,,,,,,
,,,,,,,,,,,,,,,,,,
,,,,,,,,,,,,,,,,,,
,,,,,,,,,,,,,,,,,,
,,,,,,,,,,,,,,,,,,
,,,,,,,,,,,,,,,,,,
,,,,,,,,,,,,,,,,,,
,,,,,,,,,,,,,,,,,,
,,,,,,,,,,,,,,,,,,
,,,,,,,,,,,,,,,,,,
,,,,,,,,,,,,,,,,,,
,,,,,,,,,,,,,,,,,,
,,,,,,,,,,,,,,,,,,
,,,,,,,,,,,,,,,,,,
,,,,,,,,,,,,,,,,,,
,,,,,,,,,,,,,,,,,,
,,,,,,,,,,,,,,,,,,
,,,,,,,,,,,,,,,,,,
,,,,,,,,,,,,,,,,,,
,,,,,,,,,,,,,,,,,,
,,,,,,,,,,,,,,,,,,
,,,,,,,,,,,,,,,,,,
,,,,,,,,,,,,,,,,,,
,,,,,,,,,,,,,,,,,,
,,,,,,,,,,,,,,,,,,
,,,,,,,,,,,,,,,,,,
,,,,,,,,,,,,,,,,,,
,,,,,,,,,,,,,,,,,,
,,,,,,,,,,,,,,,,,,
,,,,,,,,,,,,,,,,,,
,,,,,,,,,,,,,,,,,,
,,,,,,,,,,,,,,,,,,
,,,,,,,,,,,,,,,,,,
,,,,,,,,,,,,,,,,,,
,,,,,,,,,,,,,,,,,,
,,,,,,,,,,,,,,,,,,
,,,,,,,,,,,,,,,,,,
,,,,,,,,,,,,,,,,,,
,,,,,,,,,,,,,,,,,,
,,,,,,,,,,,,,,,,,,
,,,,,,,,,,,,,,,,,,
,,,,,,,,,,,,,,,,,,
,,,,,,,,,,,,,,,,,,
,,,,,,,,,,,,,,,,,,
,,,,,,,,,,,,,,,,,,
,,,,,,,,,,,,,,,,,,
,,,,,,,,,,,,,,,,,,
,,,,,,,,,,,,,,,,,,
,,,,,,,,,,,,,,,,,,
,,,,,,,,,,,,,,,,,,
,,,,,,,,,,,,,,,,,,
,,,,,,,,,,,,,,,,,,
,,,,,,,,,,,,,,,,,,
,,,,,,,,,,,,,,,,,,
,,,,,,,,,,,,,,,,,,
,,,,,,,,,,,,,,,,,,
,,,,,,,,,,,,,,,,,,
,,,,,,,,,,,,,,,,,,
,,,,,,,,,,,,,,,,,,
,,,,,,,,,,,,,,,,,,
,,,,,,,,,,,,,,,,,,
,,,,,,,,,,,,,,,,,,
,,,,,,,,,,,,,,,,,,
,,,,,,,,,,,,,,,,,,
,,,,,,,,,,,,,,,,,,
,,,,,,,,,,,,,,,,,,
,,,,,,,,,,,,,,,,,,
,,,,,,,,,,,,,,,,,,
,,,,,,,,,,,,,,,,,,
,,,,,,,,,,,,,,,,,,
,,,,,,,,,,,,,,,,,,
,,,,,,,,,,,,,,,,,,
,,,,,,,,,,,,,,,,,,
,,,,,,,,,,,,,,,,,,
,,,,,,,,,,,,,,,,,,
,,,,,,,,,,,,,,,,,,
,,,,,,,,,,,,,,,,,,
,,,,,,,,,,,,,,,,,,
,,,,,,,,,,,,,,,,,,
,,,,,,,,,,,,,,,,,,
,,,,,,,,,,,,,,,,,,
,,,,,,,,,,,,,,,,,,
,,,,,,,,,,,,,,,,,,
,,,,,,,,,,,,,,,,,,
,,,,,,,,,,,,,,,,,,
,,,,,,,,,,,,,,,,,,
,,,,,,,,,,,,,,,,,,
,,,,,,,,,,,,,,,,,,
,,,,,,,,,,,,,,,,,,
,,,,,,,,,,,,,,,,,,
,,,,,,,,,,,,,,,,,,
,,,,,,,,,,,,,,,,,,
,,,,,,,,,,,,,,,,,,
,,,,,,,,,,,,,,,,,,
,,,,,,,,,,,,,,,,,,
,,,,,,,,,,,,,,,,,,
,,,,,,,,,,,,,,,,,,
,,,,,,,,,,,,,,,,,,
,,,,,,,,,,,,,,,,,,
,,,,,,,,,,,,,,,,,,
,,,,,,,,,,,,,,,,,,
,,,,,,,,,,,,,,,,,,
,,,,,,,,,,,,,,,,,,
,,,,,,,,,,,,,,,,,,
,,,,,,,,,,,,,,,,,,
,,,,,,,,,,,,,,,,,,
,,,,,,,,,,,,,,,,,,
,,,,,,,,,,,,,,,,,,
,,,,,,,,,,,,,,,,,,
,,,,,,,,,,,,,,,,,,
,,,,,,,,,,,,,,,,,,
,,,,,,,,,,,,,,,,,,
,,,,,,,,,,,,,,,,,,
,,,,,,,,,,,,,,,,,,
,,,,,,,,,,,,,,,,,,
,,,,,,,,,,,,,,,,,,
,,,,,,,,,,,,,,,,,,
,,,,,,,,,,,,,,,,,,
,,,,,,,,,,,,,,,,,,
,,,,,,,,,,,,,,,,,,
,,,,,,,,,,,,,,,,,,
,,,,,,,,,,,,,,,,,,
,,,,,,,,,,,,,,,,,,
,,,,,,,,,,,,,,,,,,
,,,,,,,,,,,,,,,,,,
,,,,,,,,,,,,,,,,,,
,,,,,,,,,,,,,,,,,,
,,,,,,,,,,,,,,,,,,
,,,,,,,,,,,,,,,,,,
,,,,,,,,,,,,,,,,,,
,,,,,,,,,,,,,,,,,,
,,,,,,,,,,,,,,,,,,
,,,,,,,,,,,,,,,,,,
,,,,,,,,,,,,,,,,,,
,,,,,,,,,,,,,,,,,,
,,,,,,,,,,,,,,,,,,
,,,,,,,,,,,,,,,,,,
,,,,,,,,,,,,,,,,,,
,,,,,,,,,,,,,,,,,,
,,,,,,,,,,,,,,,,,,
,,,,,,,,,,,,,,,,,,
,,,,,,,,,,,,,,,,,,
,,,,,,,,,,,,,,,,,,
,,,,,,,,,,,,,,,,,,
,,,,,,,,,,,,,,,,,,
,,,,,,,,,,,,,,,,,,
,,,,,,,,,,,,,,,,,,
,,,,,,,,,,,,,,,,,,
,,,,,,,,,,,,,,,,,,
,,,,,,,,,,,,,,,,,,
,,,,,,,,,,,,,,,,,,
,,,,,,,,,,,,,,,,,,
,,,,,,,,,,,,,,,,,,
,,,,,,,,,,,,,,,,,,
,,,,,,,,,,,,,,,,,,
,,,,,,,,,,,,,,,,,,
,,,,,,,,,,,,,,,,,,
,,,,,,,,,,,,,,,,,,
,,,,,,,,,,,,,,,,,,
,,,,,,,,,,,,,,,,,,
,,,,,,,,,,,,,,,,,,
,,,,,,,,,,,,,,,,,,
,,,,,,,,,,,,,,,,,,
,,,,,,,,,,,,,,,,,,
,,,,,,,,,,,,,,,,,,
,,,,,,,,,,,,,,,,,,
,,,,,,,,,,,,,,,,,,
,,,,,,,,,,,,,,,,,,
,,,,,,,,,,,,,,,,,,
,,,,,,,,,,,,,,,,,,
,,,,,,,,,,,,,,,,,,
,,,,,,,,,,,,,,,,,,
,,,,,,,,,,,,,,,,,,
,,,,,,,,,,,,,,,,,,
,,,,,,,,,,,,,,,,,,
,,,,,,,,,,,,,,,,,,
,,,,,,,,,,,,,,,,,,
,,,,,,,,,,,,,,,,,,
,,,,,,,,,,,,,,,,,,
,,,,,,,,,,,,,,,,,,
,,,,,,,,,,,,,,,,,,
,,,,,,,,,,,,,,,,,,
,,,,,,,,,,,,,,,,,,
,,,,,,,,,,,,,,,,,,
,,,,,,,,,,,,,,,,,,
,,,,,,,,,,,,,,,,,,
,,,,,,,,,,,,,,,,,,
,,,,,,,,,,,,,,,,,,
,,,,,,,,,,,,,,,,,,
,,,,,,,,,,,,,,,,,,
,,,,,,,,,,,,,,,,,,
,,,,,,,,,,,,,,,,,,
,,,,,,,,,,,,,,,,,,
,,,,,,,,,,,,,,,,,,
,,,,,,,,,,,,,,,,,,
,,,,,,,,,,,,,,,,,,
,,,,,,,,,,,,,,,,,,
,,,,,,,,,,,,,,,,,,
,,,,,,,,,,,,,,,,,,
,,,,,,,,,,,,,,,,,,
,,,,,,,,,,,,,,,,,,
,,,,,,,,,,,,,,,,,,
,,,,,,,,,,,,,,,,,,
,,,,,,,,,,,,,,,,,,
,,,,,,,,,,,,,,,,,,
,,,,,,,,,,,,,,,,,,
,,,,,,,,,,,,,,,,,,
,,,,,,,,,,,,,,,,,,
,,,,,,,,,,,,,,,,,,
,,,,,,,,,,,,,,,,,,
,,,,,,,,,,,,,,,,,,
,,,,,,,,,,,,,,,,,,
,,,,,,,,,,,,,,,,,,
,,,,,,,,,,,,,,,,,,
,,,,,,,,,,,,,,,,,,
,,,,,,,,,,,,,,,,,,
,,,,,,,,,,,,,,,,,,
,,,,,,,,,,,,,,,,,,
,,,,,,,,,,,,,,,,,,
,,,,,,,,,,,,,,,,,,
,,,,,,,,,,,,,,,,,,
,,,,,,,,,,,,,,,,,,
,,,,,,,,,,,,,,,,,,
,,,,,,,,,,,,,,,,,,
,,,,,,,,,,,,,,,,,,
,,,,,,,,,,,,,,,,,,
,,,,,,,,,,,,,,,,,,
,,,,,,,,,,,,,,,,,,
,,,,,,,,,,,,,,,,,,
,,,,,,,,,,,,,,,,,,
,,,,,,,,,,,,,,,,,,
,,,,,,,,,,,,,,,,,,
,,,,,,,,,,,,,,,,,,
,,,,,,,,,,,,,,,,,,
,,,,,,,,,,,,,,,,,,
,,,,,,,,,,,,,,,,,,
,,,,,,,,,,,,,,,,,,
,,,,,,,,,,,,,,,,,,
,,,,,,,,,,,,,,,,,,
,,,,,,,,,,,,,,,,,,
,,,,,,,,,,,,,,,,,,
,,,,,,,,,,,,,,,,,,
,,,,,,,,,,,,,,,,,,
,,,,,,,,,,,,,,,,,,
,,,,,,,,,,,,,,,,,,
,,,,,,,,,,,,,,,,,,
,,,,,,,,,,,,,,,,,,
,,,,,,,,,,,,,,,,,,
,,,,,,,,,,,,,,,,,,
,,,,,,,,,,,,,,,,,,
,,,,,,,,,,,,,,,,,,
,,,,,,,,,,,,,,,,,,
,,,,,,,,,,,,,,,,,,
,,,,,,,,,,,,,,,,,,
,,,,,,,,,,,,,,,,,,
,,,,,,,,,,,,,,,,,,
,,,,,,,,,,,,,,,,,,
,,,,,,,,,,,,,,,,,,
,,,,,,,,,,,,,,,,,,
,,,,,,,,,,,,,,,,,,
,,,,,,,,,,,,,,,,,,
,,,,,,,,,,,,,,,,,,
,,,,,,,,,,,,,,,,,,
,,,,,,,,,,,,,,,,,,
,,,,,,,,,,,,,,,,,,
,,,,,,,,,,,,,,,,,,
,,,,,,,,,,,,,,,,,,
,,,,,,,,,,,,,,,,,,
,,,,,,,,,,,,,,,,,,
,,,,,,,,,,,,,,,,,,
,,,,,,,,,,,,,,,,,,
,,,,,,,,,,,,,,,,,,
,,,,,,,,,,,,,,,,,,
,,,,,,,,,,,,,,,,,,
,,,,,,,,,,,,,,,,,,
,,,,,,,,,,,,,,,,,,
,,,,,,,,,,,,,,,,,,
,,,,,,,,,,,,,,,,,,
,,,,,,,,,,,,,,,,,,
,,,,,,,,,,,,,,,,,,
,,,,,,,,,,,,,,,,,,
,,,,,,,,,,,,,,,,,,
,,,,,,,,,,,,,,,,,,
,,,,,,,,,,,,,,,,,,
,,,,,,,,,,,,,,,,,,
,,,,,,,,,,,,,,,,,,
,,,,,,,,,,,,,,,,,,
,,,,,,,,,,,,,,,,,,
,,,,,,,,,,,,,,,,,,
,,,,,,,,,,,,,,,,,,
,,,,,,,,,,,,,,,,,,
,,,,,,,,,,,,,,,,,,
,,,,,,,,,,,,,,,,,,
,,,,,,,,,,,,,,,,,,
,,,,,,,,,,,,,,,,,,
,,,,,,,,,,,,,,,,,,
,,,,,,,,,,,,,,,,,,
,,,,,,,,,,,,,,,,,,
,,,,,,,,,,,,,,,,,,
,,,,,,,,,,,,,,,,,,
,,,,,,,,,,,,,,,,,,
,,,,,,,,,,,,,,,,,,
,,,,,,,,,,,,,,,,,,
,,,,,,,,,,,,,,,,,,
,,,,,,,,,,,,,,,,,,
,,,,,,,,,,,,,,,,,,
,,,,,,,,,,,,,,,,,,
,,,,,,,,,,,,,,,,,,
,,,,,,,,,,,,,,,,,,
,,,,,,,,,,,,,,,,,,
,,,,,,,,,,,,,,,,,,
,,,,,,,,,,,,,,,,,,
,,,,,,,,,,,,,,,,,,
,,,,,,,,,,,,,,,,,,
,,,,,,,,,,,,,,,,,,
,,,,,,,,,,,,,,,,,,
,,,,,,,,,,,,,,,,,,
,,,,,,,,,,,,,,,,,,
,,,,,,,,,,,,,,,,,,
,,,,,,,,,,,,,,,,,,
,,,,,,,,,,,,,,,,,,
,,,,,,,,,,,,,,,,,,
,,,,,,,,,,,,,,,,,,
,,,,,,,,,,,,,,,,,,
,,,,,,,,,,,,,,,,,,
,,,,,,,,,,,,,,,,,,
,,,,,,,,,,,,,,,,,,
,,,,,,,,,,,,,,,,,,
,,,,,,,,,,,,,,,,,,
,,,,,,,,,,,,,,,,,,
,,,,,,,,,,,,,,,,,,
,,,,,,,,,,,,,,,,,,
,,,,,,,,,,,,,,,,,,
,,,,,,,,,,,,,,,,,,
,,,,,,,,,,,,,,,,,,
,,,,,,,,,,,,,,,,,,
,,,,,,,,,,,,,,,,,,
,,,,,,,,,,,,,,,,,,
,,,,,,,,,,,,,,,,,,
,,,,,,,,,,,,,,,,,,
,,,,,,,,,,,,,,,,,,
,,,,,,,,,,,,,,,,,,
,,,,,,,,,,,,,,,,,,
,,,,,,,,,,,,,,,,,,
,,,,,,,,,,,,,,,,,,
,,,,,,,,,,,,,,,,,,
,,,,,,,,,,,,,,,,,,
,,,,,,,,,,,,,,,,,,
,,,,,,,,,,,,,,,,,,
,,,,,,,,,,,,,,,,,,
,,,,,,,,,,,,,,,,,,
,,,,,,,,,,,,,,,,,,
,,,,,,,,,,,,,,,,,,
,,,,,,,,,,,,,,,,,,
,,,,,,,,,,,,,,,,,,
,,,,,,,,,,,,,,,,,,
,,,,,,,,,,,,,,,,,,
,,,,,,,,,,,,,,,,,,
,,,,,,,,,,,,,,,,,,
,,,,,,,,,,,,,,,,,,
,,,,,,,,,,,,,,,,,,
,,,,,,,,,,,,,,,,,,
,,,,,,,,,,,,,,,,,,
,,,,,,,,,,,,,,,,,,
,,,,,,,,,,,,,,,,,,
,,,,,,,,,,,,,,,,,,
,,,,,,,,,,,,,,,,,,
,,,,,,,,,,,,,,,,,,
,,,,,,,,,,,,,,,,,,
,,,,,,,,,,,,,,,,,,
,,,,,,,,,,,,,,,,,,
,,,,,,,,,,,,,,,,,,
,,,,,,,,,,,,,,,,,,
,,,,,,,,,,,,,,,,,,
,,,,,,,,,,,,,,,,,,
,,,,,,,,,,,,,,,,,,
,,,,,,,,,,,,,,,,,,
,,,,,,,,,,,,,,,,,,
,,,,,,,,,,,,,,,,,,
,,,,,,,,,,,,,,,,,,
,,,,,,,,,,,,,,,,,,
,,,,,,,,,,,,,,,,,,
,,,,,,,,,,,,,,,,,,
,,,,,,,,,,,,,,,,,,
,,,,,,,,,,,,,,,,,,
,,,,,,,,,,,,,,,,,,
,,,,,,,,,,,,,,,,,,
,,,,,,,,,,,,,,,,,,
,,,,,,,,,,,,,,,,,,
,,,,,,,,,,,,,,,,,,
,,,,,,,,,,,,,,,,,,
,,,,,,,,,,,,,,,,,,
,,,,,,,,,,,,,,,,,,
,,,,,,,,,,,,,,,,,,
,,,,,,,,,,,,,,,,,,
,,,,,,,,,,,,,,,,,,
,,,,,,,,,,,,,,,,,,
,,,,,,,,,,,,,,,,,,
,,,,,,,,,,,,,,,,,,
,,,,,,,,,,,,,,,,,,
,,,,,,,,,,,,,,,,,,
,,,,,,,,,,,,,,,,,,
,,,,,,,,,,,,,,,,,,
,,,,,,,,,,,,,,,,,,
,,,,,,,,,,,,,,,,,,
,,,,,,,,,,,,,,,,,,
,,,,,,,,,,,,,,,,,,
,,,,,,,,,,,,,,,,,,
,,,,,,,,,,,,,,,,,,
,,,,,,,,,,,,,,,,,,
,,,,,,,,,,,,,,,,,,
,,,,,,,,,,,,,,,,,,
,,,,,,,,,,,,,,,,,,
,,,,,,,,,,,,,,,,,,
,,,,,,,,,,,,,,,,,,
,,,,,,,,,,,,,,,,,,
,,,,,,,,,,,,,,,,,,
,,,,,,,,,,,,,,,,,,
,,,,,,,,,,,,,,,,,,
,,,,,,,,,,,,,,,,,,
,,,,,,,,,,,,,,,,,,
,,,,,,,,,,,,,,,,,,
,,,,,,,,,,,,,,,,,,
,,,,,,,,,,,,,,,,,,
,,,,,,,,,,,,,,,,,,
,,,,,,,,,,,,,,,,,,
,,,,,,,,,,,,,,,,,,
,,,,,,,,,,,,,,,,,,
,,,,,,,,,,,,,,,,,,
,,,,,,,,,,,,,,,,,,
,,,,,,,,,,,,,,,,,,
,,,,,,,,,,,,,,,,,,
,,,,,,,,,,,,,,,,,,
,,,,,,,,,,,,,,,,,,
,,,,,,,,,,,,,,,,,,
,,,,,,,,,,,,,,,,,,
,,,,,,,,,,,,,,,,,,
,,,,,,,,,,,,,,,,,,
,,,,,,,,,,,,,,,,,,
,,,,,,,,,,,,,,,,,,
,,,,,,,,,,,,,,,,,,
,,,,,,,,,,,,,,,,,,
,,,,,,,,,,,,,,,,,,
,,,,,,,,,,,,,,,,,,
,,,,,,,,,,,,,,,,,,
,,,,,,,,,,,,,,,,,,
,,,,,,,,,,,,,,,,,,
,,,,,,,,,,,,,,,,,,
,,,,,,,,,,,,,,,,,,
,,,,,,,,,,,,,,,,,,
,,,,,,,,,,,,,,,,,,
,,,,,,,,,,,,,,,,,,
,,,,,,,,,,,,,,,,,,
,,,,,,,,,,,,,,,,,,
,,,,,,,,,,,,,,,,,,
,,,,,,,,,,,,,,,,,,
,,,,,,,,,,,,,,,,,,
,,,,,,,,,,,,,,,,,,
,,,,,,,,,,,,,,,,,,
,,,,,,,,,,,,,,,,,,
,,,,,,,,,,,,,,,,,,
,,,,,,,,,,,,,,,,,,
,,,,,,,,,,,,,,,,,,
,,,,,,,,,,,,,,,,,,
,,,,,,,,,,,,,,,,,,
,,,,,,,,,,,,,,,,,,
,,,,,,,,,,,,,,,,,,
,,,,,,,,,,,,,,,,,,
,,,,,,,,,,,,,,,,,,
,,,,,,,,,,,,,,,,,,
,,,,,,,,,,,,,,,,,,
,,,,,,,,,,,,,,,,,,
,,,,,,,,,,,,,,,,,,
,,,,,,,,,,,,,,,,,,
,,,,,,,,,,,,,,,,,,
,,,,,,,,,,,,,,,,,,
,,,,,,,,,,,,,,,,,,
,,,,,,,,,,,,,,,,,,
,,,,,,,,,,,,,,,,,,
,,,,,,,,,,,,,,,,,,
,,,,,,,,,,,,,,,,,,
,,,,,,,,,,,,,,,,,,
,,,,,,,,,,,,,,,,,,
,,,,,,,,,,,,,,,,,,
,,,,,,,,,,,,,,,,,,
,,,,,,,,,,,,,,,,,,
,,,,,,,,,,,,,,,,,,
,,,,,,,,,,,,,,,,,,
,,,,,,,,,,,,,,,,,,
,,,,,,,,,,,,,,,,,,
,,,,,,,,,,,,,,,,,,
,,,,,,,,,,,,,,,,,,
,,,,,,,,,,,,,,,,,,
,,,,,,,,,,,,,,,,,,
,,,,,,,,,,,,,,,,,,
,,,,,,,,,,,,,,,,,,
,,,,,,,,,,,,,,,,,,
,,,,,,,,,,,,,,,,,,
,,,,,,,,,,,,,,,,,,
,,,,,,,,,,,,,,,,,,
,,,,,,,,,,,,,,,,,,
,,,,,,,,,,,,,,,,,,
,,,,,,,,,,,,,,,,,,
,,,,,,,,,,,,,,,,,,
,,,,,,,,,,,,,,,,,,
,,,,,,,,,,,,,,,,,,
,,,,,,,,,,,,,,,,,,
,,,,,,,,,,,,,,,,,,
,,,,,,,,,,,,,,,,,,
,,,,,,,,,,,,,,,,,,
,,,,,,,,,,,,,,,,,,
,,,,,,,,,,,,,,,,,,
,,,,,,,,,,,,,,,,,,
,,,,,,,,,,,,,,,,,,
,,,,,,,,,,,,,,,,,,
,,,,,,,,,,,,,,,,,,
,,,,,,,,,,,,,,,,,,
,,,,,,,,,,,,,,,,,,
,,,,,,,,,,,,,,,,,,
,,,,,,,,,,,,,,,,,,
,,,,,,,,,,,,,,,,,,
,,,,,,,,,,,,,,,,,,
,,,,,,,,,,,,,,,,,,
,,,,,,,,,,,,,,,,,,
,,,,,,,,,,,,,,,,,,
,,,,,,,,,,,,,,,,,,
,,,,,,,,,,,,,,,,,,
,,,,,,,,,,,,,,,,,,
,,,,,,,,,,,,,,,,,,
,,,,,,,,,,,,,,,,,,
,,,,,,,,,,,,,,,,,,
,,,,,,,,,,,,,,,,,,
,,,,,,,,,,,,,,,,,,
,,,,,,,,,,,,,,,,,,
,,,,,,,,,,,,,,,,,,
,,,,,,,,,,,,,,,,,,
,,,,,,,,,,,,,,,,,,
,,,,,,,,,,,,,,,,,,
,,,,,,,,,,,,,,,,,,
,,,,,,,,,,,,,,,,,,
,,,,,,,,,,,,,,,,,,
,,,,,,,,,,,,,,,,,,
,,,,,,,,,,,,,,,,,,
,,,,,,,,,,,,,,,,,,
,,,,,,,,,,,,,,,,,,
,,,,,,,,,,,,,,,,,,
,,,,,,,,,,,,,,,,,,
,,,,,,,,,,,,,,,,,,
,,,,,,,,,,,,,,,,,,
,,,,,,,,,,,,,,,,,,
,,,,,,,,,,,,,,,,,,
,,,,,,,,,,,,,,,,,,
,,,,,,,,,,,,,,,,,,
,,,,,,,,,,,,,,,,,,
,,,,,,,,,,,,,,,,,,
,,,,,,,,,,,,,,,,,,
,,,,,,,,,,,,,,,,,,
,,,,,,,,,,,,,,,,,,
,,,,,,,,,,,,,,,,,,
,,,,,,,,,,,,,,,,,,
,,,,,,,,,,,,,,,,,,
,,,,,,,,,,,,,,,,,,
,,,,,,,,,,,,,,,,,,
,,,,,,,,,,,,,,,,,,
,,,,,,,,,,,,,,,,,,
,,,,,,,,,,,,,,,,,,
,,,,,,,,,,,,,,,,,,
,,,,,,,,,,,,,,,,,,
,,,,,,,,,,,,,,,,,,
,,,,,,,,,,,,,,,,,,
,,,,,,,,,,,,,,,,,,
,,,,,,,,,,,,,,,,,,
,,,,,,,,,,,,,,,,,,
,,,,,,,,,,,,,,,,,,
,,,,,,,,,,,,,,,,,,
,,,,,,,,,,,,,,,,,,
,,,,,,,,,,,,,,,,,,
,,,,,,,,,,,,,,,,,,
,,,,,,,,,,,,,,,,,,
,,,,,,,,,,,,,,,,,,
,,,,,,,,,,,,,,,,,,
,,,,,,,,,,,,,,,,,,
,,,,,,,,,,,,,,,,,,
,,,,,,,,,,,,,,,,,,
,,,,,,,,,,,,,,,,,,
,,,,,,,,,,,,,,,,,,
,,,,,,,,,,,,,,,,,,
,,,,,,,,,,,,,,,,,,
,,,,,,,,,,,,,,,,,,
,,,,,,,,,,,,,,,,,,
,,,,,,,,,,,,,,,,,,
,,,,,,,,,,,,,,,,,,
,,,,,,,,,,,,,,,,,,
,,,,,,,,,,,,,,,,,,
,,,,,,,,,,,,,,,,,,
,,,,,,,,,,,,,,,,,,
,,,,,,,,,,,,,,,,,,
,,,,,,,,,,,,,,,,,,
,,,,,,,,,,,,,,,,,,
,,,,,,,,,,,,,,,,,,
,,,,,,,,,,,,,,,,,,
,,,,,,,,,,,,,,,,,,
,,,,,,,,,,,,,,,,,,
,,,,,,,,,,,,,,,,,,
,,,,,,,,,,,,,,,,,,
,,,,,,,,,,,,,,,,,,
,,,,,,,,,,,,,,,,,,
,,,,,,,,,,,,,,,,,,
,,,,,,,,,,,,,,,,,,
,,,,,,,,,,,,,,,,,,
,,,,,,,,,,,,,,,,,,
,,,,,,,,,,,,,,,,,,
,,,,,,,,,,,,,,,,,,
,,,,,,,,,,,,,,,,,,
,,,,,,,,,,,,,,,,,,
,,,,,,,,,,,,,,,,,,
,,,,,,,,,,,,,,,,,,
,,,,,,,,,,,,,,,,,,
,,,,,,,,,,,,,,,,,,
,,,,,,,,,,,,,,,,,,
,,,,,,,,,,,,,,,,,,
,,,,,,,,,,,,,,,,,,
,,,,,,,,,,,,,,,,,,
,,,,,,,,,,,,,,,,,,
,,,,,,,,,,,,,,,,,,
,,,,,,,,,,,,,,,,,,
,,,,,,,,,,,,,,,,,,
,,,,,,,,,,,,,,,,,,
,,,,,,,,,,,,,,,,,,
,,,,,,,,,,,,,,,,,,
,,,,,,,,,,,,,,,,,,
,,,,,,,,,,,,,,,,,,
,,,,,,,,,,,,,,,,,,
,,,,,,,,,,,,,,,,,,
,,,,,,,,,,,,,,,,,,
,,,,,,,,,,,,,,,,,,
,,,,,,,,,,,,,,,,,,
,,,,,,,,,,,,,,,,,,
,,,,,,,,,,,,,,,,,,
,,,,,,,,,,,,,,,,,,
,,,,,,,,,,,,,,,,,,
,,,,,,,,,,,,,,,,,,
,,,,,,,,,,,,,,,,,,
,,,,,,,,,,,,,,,,,,
,,,,,,,,,,,,,,,,,,
,,,,,,,,,,,,,,,,,,
,,,,,,,,,,,,,,,,,,
,,,,,,,,,,,,,,,,,,
,,,,,,,,,,,,,,,,,,
,,,,,,,,,,,,,,,,,,
,,,,,,,,,,,,,,,,,,
,,,,,,,,,,,,,,,,,,
,,,,,,,,,,,,,,,,,,
,,,,,,,,,,,,,,,,,,
,,,,,,,,,,,,,,,,,,
,,,,,,,,,,,,,,,,,,
,,,,,,,,,,,,,,,,,,
,,,,,,,,,,,,,,,,,,
,,,,,,,,,,,,,,,,,,
,,,,,,,,,,,,,,,,,,
,,,,,,,,,,,,,,,,,,
,,,,,,,,,,,,,,,,,,
,,,,,,,,,,,,,,,,,,
,,,,,,,,,,,,,,,,,,
,,,,,,,,,,,,,,,,,,
,,,,,,,,,,,,,,,,,,
,,,,,,,,,,,,,,,,,,
,,,,,,,,,,,,,,,,,,
,,,,,,,,,,,,,,,,,,
,,,,,,,,,,,,,,,,,,
,,,,,,,,,,,,,,,,,,
,,,,,,,,,,,,,,,,,,
,,,,,,,,,,,,,,,,,,
,,,,,,,,,,,,,,,,,,
,,,,,,,,,,,,,,,,,,
,,,,,,,,,,,,,,,,,,
,,,,,,,,,,,,,,,,,,
,,,,,,,,,,,,,,,,,,
,,,,,,,,,,,,,,,,,,
,,,,,,,,,,,,,,,,,,
,,,,,,,,,,,,,,,,,,
,,,,,,,,,,,,,,,,,,
,,,,,,,,,,,,,,,,,,
,,,,,,,,,,,,,,,,,,
,,,,,,,,,,,,,,,,,,
,,,,,,,,,,,,,,,,,,
,,,,,,,,,,,,,,,,,,
,,,,,,,,,,,,,,,,,,
,,,,,,,,,,,,,,,,,,
,,,,,,,,,,,,,,,,,,
,,,,,,,,,,,,,,,,,,
,,,,,,,,,,,,,,,,,,
,,,,,,,,,,,,,,,,,,
,,,,,,,,,,,,,,,,,,
,,,,,,,,,,,,,,,,,,
,,,,,,,,,,,,,,,,,,
,,,,,,,,,,,,,,,,,,
,,,,,,,,,,,,,,,,,,
,,,,,,,,,,,,,,,,,,
,,,,,,,,,,,,,,,,,,
,,,,,,,,,,,,,,,,,,
,,,,,,,,,,,,,,,,,,
,,,,,,,,,,,,,,,,,,
,,,,,,,,,,,,,,,,,,
,,,,,,,,,,,,,,,,,,
,,,,,,,,,,,,,,,,,,
,,,,,,,,,,,,,,,,,,
,,,,,,,,,,,,,,,,,,
,,,,,,,,,,,,,,,,,,
,,,,,,,,,,,,,,,,,,
,,,,,,,,,,,,,,,,,,
,,,,,,,,,,,,,,,,,,
,,,,,,,,,,,,,,,,,,
,,,,,,,,,,,,,,,,,,
,,,,,,,,,,,,,,,,,,
,,,,,,,,,,,,,,,,,,
,,,,,,,,,,,,,,,,,,
,,,,,,,,,,,,,,,,,,
,,,,,,,,,,,,,,,,,,
,,,,,,,,,,,,,,,,,,
,,,,,,,,,,,,,,,,,,
,,,,,,,,,,,,,,,,,,
,,,,,,,,,,,,,,,,,,
,,,,,,,,,,,,,,,,,,
,,,,,,,,,,,,,,,,,,
,,,,,,,,,,,,,,,,,,
,,,,,,,,,,,,,,,,,,
,,,,,,,,,,,,,,,,,,
,,,,,,,,,,,,,,,,,,
,,,,,,,,,,,,,,,,,,
,,,,,,,,,,,,,,,,,,
,,,,,,,,,,,,,,,,,,
,,,,,,,,,,,,,,,,,,
,,,,,,,,,,,,,,,,,,
,,,,,,,,,,,,,,,,,,
,,,,,,,,,,,,,,,,,,
,,,,,,,,,,,,,,,,,,
,,,,,,,,,,,,,,,,,,
,,,,,,,,,,,,,,,,,,
,,,,,,,,,,,,,,,,,,
,,,,,,,,,,,,,,,,,,
,,,,,,,,,,,,,,,,,,
,,,,,,,,,,,,,,,,,,
,,,,,,,,,,,,,,,,,,
,,,,,,,,,,,,,,,,,,
,,,,,,,,,,,,,,,,,,
,,,,,,,,,,,,,,,,,,
,,,,,,,,,,,,,,,,,,
,,,,,,,,,,,,,,,,,,
,,,,,,,,,,,,,,,,,,
,,,,,,,,,,,,,,,,,,
,,,,,,,,,,,,,,,,,,
,,,,,,,,,,,,,,,,,,
,,,,,,,,,,,,,,,,,,
,,,,,,,,,,,,,,,,,,
,,,,,,,,,,,,,,,,,,
,,,,,,,,,,,,,,,,,,
,,,,,,,,,,,,,,,,,,
,,,,,,,,,,,,,,,,,,
,,,,,,,,,,,,,,,,,,
,,,,,,,,,,,,,,,,,,
,,,,,,,,,,,,,,,,,,
,,,,,,,,,,,,,,,,,,
,,,,,,,,,,,,,,,,,,
,,,,,,,,,,,,,,,,,,
,,,,,,,,,,,,,,,,,,
,,,,,,,,,,,,,,,,,,
,,,,,,,,,,,,,,,,,,
,,,,,,,,,,,,,,,,,,
,,,,,,,,,,,,,,,,,,
,,,,,,,,,,,,,,,,,,
,,,,,,,,,,,,,,,,,,
,,,,,,,,,,,,,,,,,,
,,,,,,,,,,,,,,,,,,
